{
  "version": 1,
  "author": "Bhanu Prakash",
  "editor": "wokwi",
  "parts": [
    { "type": "wokwi-breadboard-half", "id": "bb1", "top": -195, "left": -74, "attrs": {} },
    { "type": "wokwi-arduino-uno", "id": "uno", "top": -191.4, "left": 306.6, "attrs": {} },
    { "type": "wokwi-ntc-temperature-sensor", "id": "ntc1", "top": -93.4, "left": 9, "attrs": {} }
  ],
  "connections": [
    [ "ntc1:GND", "bb1:21b.g", "", [ "$bb" ] ],
    [ "ntc1:VCC", "bb1:21b.h", "", [ "$bb" ] ],
    [ "ntc1:OUT", "bb1:21b.i", "", [ "$bb" ] ],
    [ "ntc1:VCC", "uno:5V", "red", [ "h57.6", "v115.2", "h259.2" ] ],
    [ "ntc1:GND", "uno:GND.1", "black", [ "h134.4", "v-172.8", "h144", "v9.6" ] ],
    [ "ntc1:OUT", "uno:A0", "green", [ "h19.2", "v115.1", "h345.6" ] ]
  ],
  "dependencies": {}
}